,0,1,2,3
0e78e39b-7bd7-480a-91fe-a4567fec0165,FOLEY & LARDNER LLP,,2011-07-13T17:19:13.197000-04:00,2011
431cfe11-ad03-46ff-8998-79a72d41a792,ACT FOR AMERICA,,2020-06-01T09:59:27-04:00,2020
ce99319c-fd77-4fcb-8833-b1830b0b766c,FEDERATION FOR AMERICAN IMMIGRATION REFORM,60000.00,2011-01-18T15:29:20.837000-05:00,2010
187ad0af-3c50-4a3e-90a0-66578b3dbe64,AFL-CIO,700000.00,2011-01-19T16:00:15.503000-05:00,2010
bfa5cef9-a3a8-4a98-932c-ea505bf74943,AMERICAN JEWISH COMMITTEE,40000.00,2011-04-15T14:39:12.103000-04:00,2011
69fb9664-1bd9-45ba-ae46-8e8f9ba51230,NETWORK LOBBY FOR CATHOLIC SOCIAL JUSTICE,75000.00,2011-04-20T14:24:21.427000-04:00,2011
5146cf19-91f7-4b5b-97c1-745ac10fe5a0,AMERICAN CIVIL LIBERTIES UNION,315140.00,2011-04-20T17:03:24.567000-04:00,2011
9bd9fec6-1960-4cb4-bff7-8a8651bd8c8a,NATIONAL ADVOCACY CENTER OF THE SISTERS OF THE GOOD SHEPHERD,,2011-06-27T16:48:31.913000-04:00,2011
ac215ea1-1a6a-4576-a941-6c25e7144a32,NETWORK LOBBY FOR CATHOLIC SOCIAL JUSTICE,75000.00,2011-07-16T17:00:09.250000-04:00,2011
79099650-2340-4a6a-b04e-1723fc2fb739,FOLEY & LARDNER LLP,,2011-07-19T17:55:31.333000-04:00,2011
20134bf1-8ae7-4311-bc4d-5d3192b4b2fb,FOLEY & LARDNER LLP,,2011-10-14T15:44:22.177000-04:00,2011
0512ebc6-3cc0-41c3-8a11-2918cfecd472,"LIONEL ""LEO"" AGUIRRE",,2011-10-20T10:45:35.183000-04:00,2011
6e7c37f0-5982-4d09-95d4-1d0c034fa6a2,AMERICAN CIVIL LIBERTIES UNION,328217.50,2011-10-20T18:28:15.047000-04:00,2011
2be37ce4-7a2f-4de1-a595-205a0834419c,FOLEY & LARDNER LLP,,2012-01-18T11:46:34-05:00,2011
0c28ccc3-b348-4697-a361-2cb6122cbb18,AMERICAN JEWISH COMMITTEE,30000.00,2012-01-20T16:34:47.067000-05:00,2011
6afe6a7a-4f8b-4a0f-a77b-e392fdba2d28,NETWORK LOBBY FOR CATHOLIC SOCIAL JUSTICE,75000.00,2012-01-20T17:50:36.237000-05:00,2011
8b391859-83be-4c18-96e6-03f3588247df,"LIONEL ""LEO"" AGUIRRE",,2012-01-20T23:43:24.837000-05:00,2011
0d198cc4-3157-433f-bc2f-2b99462c2044,NATIONAL EMPLOYMENT LAW PROJECT,25000.00,2012-04-05T10:53:19.633000-04:00,2012
b93b99a6-3d8c-4390-bd42-3eb36ec43298,FOLEY & LARDNER LLP,,2012-04-18T14:19:06.230000-04:00,2012
a88dd1f2-f867-47cf-8fa1-2a6fc214fa05,NETWORK LOBBY FOR CATHOLIC SOCIAL JUSTICE,75000.00,2012-04-20T13:57:38.317000-04:00,2012
42db7ffc-a206-4ca2-8f07-e162dfa7770f,AMERICAN JEWISH COMMITTEE,30000.00,2012-04-20T16:33:24.270000-04:00,2012
a604ba2a-0291-4fb5-b31c-f5b4ff1fb42b,"LIONEL ""LEO"" AGUIRRE",,2012-04-20T21:34:29.097000-04:00,2012
05aa1c41-a745-479b-8eb8-3bd9b6df5e1f,UNIVERSITY OF CALIFORNIA,270000.00,2012-07-19T16:21:54.570000-04:00,2012
66d4d423-3822-4236-86bc-3f5b5a23ef29,FOLEY & LARDNER LLP,,2012-07-20T12:08:48.673000-04:00,2012
05560ba2-7013-44e6-b2c9-b653a0b8a6bf,AMERICAN JEWISH COMMITTEE,50000.00,2012-07-20T16:19:56.187000-04:00,2012
f7df81bb-c57f-4d8b-ba22-daa55f6b63e4,"LIONEL ""LEO"" AGUIRRE",,2012-07-20T18:01:51.367000-04:00,2012
85799cf7-34d4-4be3-b068-3522c9b0e27c,FOLEY & LARDNER LLP,,2012-10-19T10:20:12.127000-04:00,2012
1e3c05a9-db29-4535-b91a-13b189a48237,"LIONEL ""LEO"" AGUIRRE",,2012-10-19T16:05:01.140000-04:00,2012
9952802e-11fb-4b5c-bb64-21d4ab269d9b,UNIVERSITY OF CALIFORNIA,110000.00,2012-11-14T15:02:24.270000-05:00,2012
f2ffc91c-8a07-4621-82ec-35b348a18edc,FOLEY & LARDNER LLP,,2013-01-18T13:39:46.377000-05:00,2012
3bd87296-8318-4735-8503-82bada045e78,"LIONEL ""LEO"" AGUIRRE",,2013-01-22T19:24:50.357000-05:00,2012
6709222e-7da9-4f70-9246-ab4c63de8441,FOLEY & LARDNER LLP,,2013-04-22T14:01:23.983000-04:00,2013
73380973-5879-4216-9fc4-e237547e69fa,"LIONEL ""LEO"" AGUIRRE",,2013-04-22T16:26:12.687000-04:00,2013
8537bc0b-bd1b-44c8-9b49-92aca1cf98cc,NATIONAL ADVOCACY CENTER OF THE SISTERS OF THE GOOD SHEPHERD,,2013-07-03T16:29:04.573000-04:00,2013
a153adf3-3043-412e-b848-48a1ff3ff6b3,FOLEY & LARDNER LLP,,2013-07-19T15:10:45.057000-04:00,2013
79fca5a2-c045-4257-ac21-02745a842c70,AMERICAN CIVIL LIBERTIES UNION,467765.00,2013-07-19T17:25:06.893000-04:00,2013
232d2100-0fdd-4f97-88bc-36a1743edecc,"LIONEL ""LEO"" AGUIRRE",,2013-07-22T21:22:14.320000-04:00,2013
01fe66d9-d356-43fb-8889-a539e3af41cf,FOLEY & LARDNER LLP,,2013-10-18T15:00:03.640000-04:00,2013
831067ff-c5c8-48f8-8a12-98aa6f247bef,"LIONEL ""LEO"" AGUIRRE",,2013-10-21T18:55:42.330000-04:00,2013
2b5c5dff-b0f9-4ed3-986d-4ca615bccb3b,FOLEY & LARDNER LLP,,2014-01-17T16:26:30.283000-05:00,2013
d3f34953-44ec-4f5f-80ba-df22d2db18f9,"INSTITUTE FOR SCIENCE AND HUMAN VALUES, INC",,2014-01-20T12:11:58.103000-05:00,2013
0551c6c8-c74b-4444-9e1a-1dad7b9c85df,AMERICAN CIVIL LIBERTIES UNION,477443.20,2014-01-21T11:12:45.107000-05:00,2013
fd519931-83e6-4ab2-9860-501525db827e,"LIONEL ""LEO"" AGUIRRE",,2014-01-21T12:26:44.123000-05:00,2013
d47081a9-8fcf-4f13-b19f-39347ad135db,S-3 GROUP,,2014-04-14T17:15:42.077000-04:00,2014
e65a4cc2-ef9a-4fad-a3c8-1b750c490ecc,FOLEY & LARDNER LLP,,2014-04-17T15:29:39.923000-04:00,2014
6deb5878-9ec7-445b-8d3b-c9f1bebd6846,NETWORK LOBBY FOR CATHOLIC SOCIAL JUSTICE,95000.00,2014-04-18T17:58:26-04:00,2014
11a62963-d2fc-491d-9dbb-e09b55e0e3e5,"LIONEL ""LEO"" AGUIRRE",,2014-04-21T21:19:27.157000-04:00,2014
9bf2fee5-f4c7-4199-aa05-86ed7a4b6120,NATIONAL ADVOCACY CENTER OF THE SISTERS OF THE GOOD SHEPHERD,,2014-06-25T16:51:11.817000-04:00,2014
7a6209a9-3301-49bc-a84c-b60633c9f1fd,"LIONEL ""LEO"" AGUIRRE",,2014-07-10T19:29:57.043000-04:00,2014
797a49c6-c8ec-4b90-a52d-6e80add03712,S-3 GROUP,,2014-07-17T12:00:22.267000-04:00,2014
02567e27-7b82-4808-b5e0-a95c97198995,AFL-CIO,900000.00,2014-07-21T12:43:45.033000-04:00,2014
18e7c6f0-0936-457d-a4b4-e774ddba395d,AMERICAN CIVIL LIBERTIES UNION,472218.00,2014-07-21T14:23:53.087000-04:00,2014
0edfe525-8da7-4a94-8957-3ee3a9a9593c,FOLEY & LARDNER LLP,,2014-07-21T14:30:40.380000-04:00,2014
8d8ca680-1591-4c9c-a252-0de8e0aa8664,AFL-CIO,900000.00,2014-07-21T15:51:38.850000-04:00,2014
a2ff4a60-3641-4cd3-965a-57a9617f88dd,NATIONAL ASSOCIATION FOR THE ADVANCEMENT OF COLORED PEOPLE,68750.00,2014-08-15T12:45:46.977000-04:00,2014
d06d1c97-d9e3-4aa6-af92-a7b55152ea2a,NATIONAL ASSOCIATION FOR THE ADVANCEMENT OF COLORED PEOPLE,68750.00,2014-08-15T12:47:59.567000-04:00,2014
921b68d2-ff21-4a1a-a68c-c45fb0594cdd,NATIONAL ASSOCIATION FOR THE ADVANCEMENT OF COLORED PEOPLE,68750.00,2014-10-14T10:04:23.113000-04:00,2014
cbfd8bee-3a99-43ba-897e-12ea960fbf8a,S-3 GROUP,,2014-10-17T09:36:51.680000-04:00,2014
7b905682-100c-4808-bf21-4359f47fc8c9,"LIONEL ""LEO"" AGUIRRE",,2014-10-20T21:39:08.737000-04:00,2014
855db936-c3b7-49bc-86d9-93052b7164ef,NATIONAL EDUCATION ASSOCIATION,600000.00,2015-01-16T10:15:01.253000-05:00,2014
b70eec76-4bd7-4799-a096-67efdf8ea245,S-3 GROUP,,2015-01-16T11:56:09.377000-05:00,2014
7791ae1e-4ece-416b-97ba-99de765e081e,LEAGUE OF WOMEN VOTERS OF THE U.S.,100755.00,2015-01-16T16:04:22.057000-05:00,2014
cb58328e-257b-4278-a18f-574fbe4e791c,NATIONAL ASSOCIATION FOR THE ADVANCEMENT OF COLORED PEOPLE,68750.00,2015-01-20T10:40:21.380000-05:00,2014
e7010410-3175-4fda-9632-7e298b7ebd7a,THE BRIGHTUP GROUP LLC,,2015-01-20T14:47:15.683000-05:00,2014
f0beb419-27cc-4241-a8c5-c95dd3a9f55b,NETWORK LOBBY FOR CATHOLIC SOCIAL JUSTICE,95000.00,2015-01-20T18:48:38.287000-05:00,2014
e1a58e1d-0976-4eef-b6b7-412ea49faa78,"LIONEL ""LEO"" AGUIRRE",,2015-01-20T23:18:48.920000-05:00,2014
49b4ad50-3502-4c1b-8299-b76a10f6c0ef,LEAGUE OF WOMEN VOTERS OF THE U.S.,69782.00,2015-04-19T14:14:38.143000-04:00,2015
b57b0964-d877-4b1b-baac-a97cabbfe8f3,THE BRIGHTUP GROUP LLC,,2015-04-19T18:18:23.047000-04:00,2015
0e79da44-305e-49e1-8b12-b3ef2ff8de3f,AMERICAN CIVIL LIBERTIES UNION,426551.00,2015-04-20T17:18:20.623000-04:00,2015
6f461509-ad81-4973-9767-c9d7b73db92d,"LIONEL ""LEO"" AGUIRRE",,2015-04-20T19:16:23.973000-04:00,2015
dd83e1c7-f97e-44dd-802e-6a510c6bdbde,ANTI-DEFAMATION LEAGUE,40000.00,2015-04-28T17:02:10.423000-04:00,2015
91246211-059e-4b20-8727-c3751680e0c2,"LIONEL ""LEO"" AGUIRRE",,2015-07-07T15:58:45.297000-04:00,2015
efa3a773-b3cb-454f-b4d4-6c03526aca08,LEAGUE OF WOMEN VOTERS OF THE U.S.,36750.81,2015-07-10T16:57:06.357000-04:00,2015
135dd5c2-6b81-4d7f-8bb0-e896d4d6de58,THE BRIGHTUP GROUP LLC,,2015-07-19T18:08:47.243000-04:00,2015
be0df782-cef7-4e39-9199-ccb44c7bba25,NETWORK LOBBY FOR CATHOLIC SOCIAL JUSTICE,95000.00,2015-07-20T17:14:46.863000-04:00,2015
9c0887d1-cc65-434d-88fe-5b17fd52f58d,AMERICAN CIVIL LIBERTIES UNION,746129.19,2015-07-20T17:31:04.083000-04:00,2015
e3b6b847-d476-49c4-a873-b92c19324e8d,ANTI-DEFAMATION LEAGUE,40000.00,2015-08-03T12:31:00.267000-04:00,2015
df54888e-3427-422b-a808-1ae9d028af36,THE BRIGHTUP GROUP LLC,,2015-10-18T19:53:54.203000-04:00,2015
595518d8-261c-4283-ba6a-bbffb67e3405,NETWORK LOBBY FOR CATHOLIC SOCIAL JUSTICE,95000.00,2015-10-20T14:14:49.250000-04:00,2015
322ba822-b795-4636-af26-35f636f81f63,LEAGUE OF WOMEN VOTERS OF THE U.S.,70000.00,2015-10-20T14:29:25.547000-04:00,2015
34ec4c44-93ee-478d-9153-ce3ab4c0f18a,NETWORK LOBBY FOR CATHOLIC SOCIAL JUSTICE,95000.00,2015-10-20T15:00:31-04:00,2015
fb935854-536a-4338-a26e-96d2b80314b1,AMERICAN CIVIL LIBERTIES UNION,337134.00,2015-10-20T16:53:31.720000-04:00,2015
aaccee21-f845-4d73-9079-471c55001003,"LIONEL ""LEO"" AGUIRRE",,2015-10-20T20:31:28.263000-04:00,2015
2b17b159-cb46-47e7-aca0-903f1cd36159,ANTI-DEFAMATION LEAGUE,40000.00,2015-11-02T13:04:28.697000-05:00,2015
acbc15ab-5d54-448e-95c2-427c7ffa2b26,NATIONAL ASSOCIATION FOR THE ADVANCEMENT OF COLORED PEOPLE,68750.00,2016-01-19T11:23:01.953000-05:00,2015
5811da45-adba-4932-8371-46b186e4a593,THE BRIGHTUP GROUP LLC,,2016-01-20T15:11:06.283000-05:00,2015
90a075bc-9140-4c36-9fa4-dcc5557949f5,AMERICAN CIVIL LIBERTIES UNION,276376.00,2016-01-20T17:44:35.827000-05:00,2015
4d06c1d1-5c0b-46ab-b49a-befd2ab59b49,"LIONEL ""LEO"" AGUIRRE",,2016-01-20T23:09:12.247000-05:00,2015
01a9ac8d-9268-456c-8119-90f2c6e54ba2,NETWORK LOBBY FOR CATHOLIC SOCIAL JUSTICE,95000.00,2016-01-22T15:42:27.513000-05:00,2015
2b805359-1f9d-4839-8f77-ac821e9355f3,AMERICAN CIVIL LIBERTIES UNION,337134.00,2016-01-28T12:28:31.567000-05:00,2015
6c3e4240-c421-47cb-949d-f906d09f92c9,ANTI-DEFAMATION LEAGUE,40000.00,2016-02-09T13:19:39.040000-05:00,2015
ef17a7ec-f72b-4b92-82b6-86b35d6d1a61,LEAGUE OF WOMEN VOTERS OF THE U.S.,48244.00,2016-02-24T16:31:37.657000-05:00,2015
6c4a4d01-012c-472e-a526-4e07df24bfa0,LEAGUE OF WOMEN VOTERS OF THE U.S.,89678.00,2016-04-13T13:12:31.697000-04:00,2016
0b423f2b-5481-4fad-929c-70067972d132,NETWORK LOBBY FOR CATHOLIC SOCIAL JUSTICE,95000.00,2016-04-20T12:48:16.620000-04:00,2016
de43a3d0-a337-4bb9-9df3-d6b6d8217154,AMERICAN CIVIL LIBERTIES UNION,300871.00,2016-04-20T16:18:10.340000-04:00,2016
1b617e2e-10a5-4b6c-8ed2-579e625f57df,"LIONEL ""LEO"" AGUIRRE",,2016-04-20T19:16:09.583000-04:00,2016
ad863322-4e30-4769-b818-06e56381d533,ANTI-DEFAMATION LEAGUE,40000.00,2016-05-08T16:05:40.567000-04:00,2016
5c0b35cd-47ef-4867-adef-070d60f3f7b6,"LIONEL ""LEO"" AGUIRRE",,2016-07-12T13:41:43.070000-04:00,2016
db914cdb-2196-4b35-93e6-940539d97cd5,NETWORK LOBBY FOR CATHOLIC SOCIAL JUSTICE,95000.00,2016-07-15T17:01:21.873000-04:00,2016
c818d9f8-c54d-40b5-96c6-5706ead82baa,LEAGUE OF WOMEN VOTERS OF THE U.S.,85206.37,2016-07-20T12:43:50.493000-04:00,2016
bc75cd76-5439-4623-bd09-19b11fde7fdb,ANTI-DEFAMATION LEAGUE,40000.00,2016-08-11T17:03:02.037000-04:00,2016
393b1580-b887-46df-a0d4-d0eff9534784,MEXICAN AMERICAN LEGAL DEFENSE AND EDUCATIONAL FUND,,2016-09-02T11:11:32.073000-04:00,2016
c2e7e338-1bc0-43d0-8541-f43a8c79aa0c,"LIONEL ""LEO"" AGUIRRE",,2016-10-19T17:34:19.267000-04:00,2016
2e082f73-2c36-41c3-8dd2-607826e44022,AMERICAN CIVIL LIBERTIES UNION,109156.00,2016-10-20T15:43:35.907000-04:00,2016
2c340c6c-20fc-48ef-a642-fd464c57a043,LEAGUE OF WOMEN VOTERS OF THE U.S.,19573.00,2016-10-25T11:14:46.453000-04:00,2016
4e69e9e7-a2b9-48aa-a7d2-f2fe0f5ee8eb,NETWORK LOBBY FOR CATHOLIC SOCIAL JUSTICE,95000.00,2016-10-25T16:22:19.600000-04:00,2016
3566bb65-4b20-4d9d-9e5d-4aa07d7fb482,ANTI-DEFAMATION LEAGUE,40000.00,2016-12-27T16:32:45.983000-05:00,2016
343e495e-2445-4e36-8f03-e6cd1dbeeb3f,"LIONEL ""LEO"" AGUIRRE",,2017-01-18T12:09:43-05:00,2016
1b9e9501-817b-4db6-8558-cdc76d908a01,AMERICAN CIVIL LIBERTIES UNION,240976.00,2017-01-23T14:41:36-05:00,2016
8b7c0dbb-9a5d-4716-af32-4a3539235706,"THE MITCHELL FIRM, INC.",,2017-01-23T17:30:47-05:00,2016
31565b31-ba5e-4922-8d0f-5bf08f5961de,LEAGUE OF WOMEN VOTERS OF THE U.S.,19573.00,2017-01-26T12:17:07.323000-05:00,2016
34151b12-dbc0-4d03-a3b9-3c44c7277c4d,ANTI-DEFAMATION LEAGUE,40000.00,2017-02-22T08:49:56.850000-05:00,2016
80ba065d-290e-49fd-88a4-0ead88318e57,NATIONAL ADVOCACY CENTER OF THE SISTERS OF THE GOOD SHEPHERD,,2017-03-29T18:58:39.163000-04:00,2017
8bfa4ec6-9876-415f-8203-da0c1da104fd,"LIONEL ""LEO"" AGUIRRE",,2017-04-08T15:29:41.340000-04:00,2017
60adb72e-e3ba-485c-8891-3a4be5798a26,AMERICAN COLLEGE OF PHYSICIANS,89122.00,2017-04-19T09:12:08.663000-04:00,2017
83fbce34-d0f8-4d1b-a95f-f431c69674e3,"AMERICAN COLLEGE OF PHYSICIAN SERVICES, INC.",243969.00,2017-04-19T09:27:46.633000-04:00,2017
9057e537-5ee4-481c-ae4c-040b80a3084d,NATIONAL ASSOCIATION FOR THE ADVANCEMENT OF COLORED PEOPLE,68750.00,2017-04-19T16:35:23.750000-04:00,2017
fb7694bb-356d-41b5-ab83-4df6b3a02465,UNIDOSUS (FKA NATIONAL COUNCIL OF LA RAZA),90000.00,2017-04-19T16:44:25.780000-04:00,2017
9d253921-d235-4f1b-9773-87f25a671cb0,"THE MITCHELL FIRM, INC.",,2017-04-19T22:46:59.387000-04:00,2017
779f64d5-f4f7-49ec-86bb-1029048531c4,AMERICAN HORTICULTURE INDUSTRY ASSOCIATION,20000.00,2017-04-20T10:26:52.250000-04:00,2017
0c17324f-3868-407e-832d-c29b574750d5,SCHOLARS STRATEGY NETWORK,10000.00,2017-04-20T16:01:34.100000-04:00,2017
03e30733-d00c-4f1f-82c8-042c9a2c9fde,NETWORK LOBBY FOR CATHOLIC SOCIAL JUSTICE,,2017-04-20T16:38:32.260000-04:00,2017
897f91cc-91be-4ac0-b319-81d167cac32c,"NVG, LLC",,2017-04-20T18:26:14.110000-04:00,2017
5f65d52b-2f89-4276-b267-13dfce36cb88,"NVG, LLC",,2017-04-20T18:30:52.287000-04:00,2017
d258baf6-6c62-4111-be9b-ef52a3141823,S-3 GROUP,,2017-04-21T11:44:38.317000-04:00,2017
cba89aa5-1ed4-45d9-8331-7c53b36f5b42,LEAGUE OF WOMEN VOTERS OF THE U.S.,27084.00,2017-04-26T19:41:45.807000-04:00,2017
8ce96405-97aa-49af-9dd0-b6fcdc24a533,ANTI-DEFAMATION LEAGUE,40000.00,2017-06-12T10:30:29.917000-04:00,2017
c8f4933b-f002-4f40-81d7-f0e0ba02b92c,"LIONEL ""LEO"" AGUIRRE",,2017-07-06T00:11:34.067000-04:00,2017
a92cea2a-21be-471c-bc80-72a8a9abd472,NATIONAL ASSOCIATION FOR THE ADVANCEMENT OF COLORED PEOPLE,70000.00,2017-07-17T15:55:14.230000-04:00,2017
29f60307-e71b-4436-9b20-e30ebb947bf7,AMERICAN HORTICULTURE INDUSTRY ASSOCIATION,20000.00,2017-07-20T07:14:15.307000-04:00,2017
40604e7f-ae6d-44e0-8ffd-55a168c88187,UNIDOSUS (FKA NATIONAL COUNCIL OF LA RAZA),95840.00,2017-07-20T14:48:46.237000-04:00,2017
a1005f38-a0ce-497e-9146-05b8e0697b63,"NVG, LLC",,2017-07-20T15:50:34.607000-04:00,2017
365a2788-11e1-4e8d-be1c-48e7549a2f56,AMERICAN CIVIL LIBERTIES UNION,343401.00,2017-07-20T16:52:53.410000-04:00,2017
0cc362d0-52d2-4105-963f-29d470d75ee3,"NVG, LLC",,2017-07-20T17:19:41.273000-04:00,2017
914b52fb-8a4e-423f-bca0-3ff77941c4e2,"THE MITCHELL FIRM, INC.",,2017-07-20T22:50:40.867000-04:00,2017
0073da1b-2c13-4d31-bece-c24ee74db3f1,LEAGUE OF WOMEN VOTERS OF THE U.S.,32538.00,2017-07-21T11:47:45.833000-04:00,2017
ae7ad937-7990-4a85-bd8e-ba6f8c2a610c,NETWORK LOBBY FOR CATHOLIC SOCIAL JUSTICE,,2017-08-01T12:38:02.967000-04:00,2017
89e78c07-313f-49f5-8b0d-fc31416f7e5a,ANTI-DEFAMATION LEAGUE,40000.00,2017-09-05T15:19:08.083000-04:00,2017
03b28d40-66a4-4fa7-8593-1d8123d5ad6c,NATIONAL ADVOCACY CENTER OF THE SISTERS OF THE GOOD SHEPHERD,,2017-09-28T18:29:01.650000-04:00,2017
4737da97-3b3c-4eb4-a625-f3eb7fd6e355,"LIONEL ""LEO"" AGUIRRE",,2017-10-10T21:34:37.960000-04:00,2017
e41dc2a5-1968-4f04-87c1-ad5fd22d89b0,UNIDOSUS (FKA NATIONAL COUNCIL OF LA RAZA),70000.00,2017-10-17T14:31:33.887000-04:00,2017
b9fd877a-a1de-453e-a79e-109b978257ef,LEAGUE OF WOMEN VOTERS OF THE U.S.,26477.00,2017-10-20T11:09:23.150000-04:00,2017
c0a92e01-d968-4493-99b6-b3f020344d2a,AMERICAN HORTICULTURE INDUSTRY ASSOCIATION,25000.00,2017-10-20T14:42:14.207000-04:00,2017
8fdf3c71-04d8-45b7-b660-e9ef946aeb1c,PITTA BISHOP & DEL GIORNO LLC,,2017-10-20T15:48:53.527000-04:00,2017
4f8213a9-08a7-493f-8f08-6d352fd594b0,AMERICAN CIVIL LIBERTIES UNION,295627.00,2017-10-20T16:50:04.517000-04:00,2017
1c841b19-1b17-4701-9dfb-3268e3ad1f0c,NATIONAL ASSOCIATION FOR THE ADVANCEMENT OF COLORED PEOPLE,70000.00,2017-10-20T18:15:28.387000-04:00,2017
3afbe6e9-86ea-4857-a5ef-339714704f18,"NVG, LLC",,2017-10-20T18:35:50.723000-04:00,2017
697d4c15-8e42-4059-b52f-e51aaf387bc8,"NVG, LLC",,2017-10-20T18:36:59.927000-04:00,2017
7de4df6a-cc73-4dd2-9dc6-9608f92d3340,"THE MITCHELL FIRM, INC.",,2017-10-20T23:07:04.097000-04:00,2017
c07522c6-377c-40f0-b986-1f6a3c7014f9,NETWORK LOBBY FOR CATHOLIC SOCIAL JUSTICE,,2017-10-22T11:21:31.907000-04:00,2017
d36be279-3774-4cfb-80ef-6f845b6866e2,ANTI-DEFAMATION LEAGUE,15000.00,2017-12-07T15:12:50.427000-05:00,2017
c1f21493-0f92-4b77-8c30-08e7e765d2ee,NATIONAL ADVOCACY CENTER OF THE SISTERS OF THE GOOD SHEPHERD,,2017-12-26T17:20:24.357000-05:00,2017
c44484e2-88f5-4007-b634-75110444128f,"MASON CONSULTING, LLC",,2018-01-19T15:56:11.907000-05:00,2017
e916a299-4d42-4771-9cd6-1a85dfc8d2f0,UNIDOSUS (FKA NATIONAL COUNCIL OF LA RAZA),115625.00,2018-01-19T16:01:38.433000-05:00,2017
b540b7dd-b716-46ea-9f1a-939c03bdde9b,"LIONEL ""LEO"" AGUIRRE",,2018-01-19T19:57:37.130000-05:00,2017
cc08309b-5906-493d-a7f9-eb570cc00eaf,LEAGUE OF WOMEN VOTERS OF THE U.S.,35305.00,2018-01-22T09:36:13.560000-05:00,2017
bf9c61c3-cca0-4dff-b17e-ad663ed80fa7,"NVG, LLC",,2018-01-22T17:57:00.637000-05:00,2017
151f4cba-5ddd-4aab-9623-59ad52a54ce0,"NVG, LLC",,2018-01-22T18:14:40.133000-05:00,2017
20da1fa5-d6c8-4eb6-b5e2-c4dce5fdc999,AMERICAN CIVIL LIBERTIES UNION,246077.00,2018-01-22T20:39:53.020000-05:00,2017
9c98cafd-86a3-42cf-a3a0-cfd73086c7b4,"THE MITCHELL FIRM, INC.",,2018-01-22T23:13:50.860000-05:00,2017
3f4b7672-0a0f-4f68-8c19-e39ea11b1be4,NETWORK LOBBY FOR CATHOLIC SOCIAL JUSTICE,,2018-01-23T22:05:32.677000-05:00,2017
3f4b7672-0a0f-4f68-8c19-e39ea11b1be4,NETWORK LOBBY FOR CATHOLIC SOCIAL JUSTICE,,2018-01-23T22:05:32.677000-05:00,2017
30cdc993-2b6f-4df5-8969-c5e74d717bac,ANTI-DEFAMATION LEAGUE,25000.00,2018-02-01T13:27:05.690000-05:00,2017
dd539a6f-13ee-464e-9499-f94971e2b23f,AMERICAN HORTICULTURE INDUSTRY ASSOCIATION,25000.00,2018-02-01T16:25:31.113000-05:00,2017
93157ca8-8896-4172-bb04-a4a3e5fc7758,NETWORK LOBBY FOR CATHOLIC SOCIAL JUSTICE,,2018-04-18T16:00:04.823000-04:00,2018
8bd2d380-2169-4325-a1ac-f1aded5c48bc,LEAGUE OF WOMEN VOTERS OF THE U.S.,19637.00,2018-04-19T11:48:29.233000-04:00,2018
a8f8d268-729e-4f06-97cc-f9159f88918b,AMERICAN HORTICULTURE INDUSTRY ASSOCIATION,20000.00,2018-04-19T17:25:04.107000-04:00,2018
51539fb8-663e-4129-b50e-d8a456074771,"MASON CONSULTING, LLC",,2018-04-20T12:40:17.770000-04:00,2018
d9f07189-de0b-4929-974b-0d3c091a0528,UNIDOSUS (FKA NATIONAL COUNCIL OF LA RAZA),154237.00,2018-04-20T12:53:10.747000-04:00,2018
9f60be36-17fa-46af-a23d-acbfd222e19e,NETWORK LOBBY FOR CATHOLIC SOCIAL JUSTICE,,2018-04-20T13:13:06.130000-04:00,2014
b8390890-04ba-47ad-8005-de8811ec2028,NETWORK LOBBY FOR CATHOLIC SOCIAL JUSTICE,95000.00,2018-04-20T13:36:12.610000-04:00,2015
0f51d203-fd54-4aa2-8d35-c5013a290103,"LIONEL ""LEO"" AGUIRRE",,2018-04-20T16:23:17.803000-04:00,2018
af0cc7d0-eb05-4216-b081-e917c96b6bab,"NVG, LLC",,2018-04-20T16:45:11.967000-04:00,2018
d9aba19e-ac6c-42ff-b299-4b2f515c310f,"NVG, LLC",,2018-04-20T16:49:14.297000-04:00,2018
c37f9bd0-0704-4ac0-9ec5-e0a8f5607ee4,"THE MITCHELL FIRM, INC.",,2018-04-20T23:26:45.683000-04:00,2018
f0419073-5a9f-424a-b59d-6cfa2210273c,ANTI-DEFAMATION LEAGUE,25000.00,2018-04-30T17:12:05.847000-04:00,2018
fc98f69f-3cdd-4293-aed6-b9effbb52d2f,NETWORK LOBBY FOR CATHOLIC SOCIAL JUSTICE,,2018-07-06T11:01:35.380000-04:00,2018
986c6e37-81d5-4e3c-a2cc-1a6bcb0ca5ab,UNIDOSUS (FKA NATIONAL COUNCIL OF LA RAZA),75000.00,2018-07-18T15:54:27.980000-04:00,2018
558adf9c-520f-45c7-a08b-3aafd71d6246,LEAGUE OF WOMEN VOTERS OF THE U.S.,27740.00,2018-07-19T17:40:10.133000-04:00,2018
677eb31c-e8f8-4697-ae46-8a13f420d926,AMERICAN CIVIL LIBERTIES UNION,320000.00,2018-07-20T12:54:33.037000-04:00,2018
3bbe9605-705a-4bac-bdde-9064a06bc432,"MASON CONSULTING, LLC",,2018-07-20T15:55:10.970000-04:00,2018
40938a64-5a1a-4a3b-816f-218960037eb2,"NVG, LLC",,2018-07-20T17:01:03.503000-04:00,2018
314963c5-529f-4dc1-83c8-a9afa87eee80,"NVG, LLC",,2018-07-20T17:04:51.597000-04:00,2018
e4fc8d7f-409d-47ce-b674-24bbc96c0613,"LIONEL ""LEO"" AGUIRRE",,2018-07-20T19:42:55.803000-04:00,2018
9fe240c0-cc78-4912-a36f-5fdf1a7788b8,"THE MITCHELL FIRM, INC.",,2018-07-20T23:07:07.860000-04:00,2018
ce2cf52d-13e9-4603-ba68-23453e9f309c,NATIONAL ASSOCIATION FOR THE ADVANCEMENT OF COLORED PEOPLE,70000.00,2018-07-25T19:24:53.383000-04:00,2018
430607a1-5b37-4900-b64a-3af605b0674e,AMERICAN HORTICULTURE INDUSTRY ASSOCIATION,20000.00,2018-07-30T10:33:11.897000-04:00,2018
1e71d178-daa9-42ec-9de4-02a2ad76701b,ANTI-DEFAMATION LEAGUE,40000.00,2018-08-06T11:04:04.197000-04:00,2018
4eb3f3ba-e7ee-4cf4-a945-899fa659de4c,NETWORK LOBBY FOR CATHOLIC SOCIAL JUSTICE,,2018-08-16T12:40:07.870000-04:00,2017
78470bbf-75e9-4394-a2d4-fcf443d066c8,"LIONEL ""LEO"" AGUIRRE",,2018-10-01T15:02:31.967000-04:00,2018
e125ef0f-d7f8-43cf-8637-bbf81a22b61e,"NVG, LLC",,2018-10-18T12:36:07.670000-04:00,2018
1ac13256-3f11-4313-b0aa-ac28c37e8282,"AMNESTY INTERNATIONAL OF THE USA, INC.",30000.00,2018-10-19T10:22:57.153000-04:00,2018
f8e97d40-d24e-4822-8ff0-b03da8a5cab6,LEAGUE OF WOMEN VOTERS OF THE U.S.,22724.00,2018-10-19T14:19:55.900000-04:00,2018
ef6b1c43-20f1-4a7d-ade8-5fd826a78b7b,UNIDOSUS (FKA NATIONAL COUNCIL OF LA RAZA),80000.00,2018-10-19T15:21:29.470000-04:00,2018
03d8b4f0-35e3-477f-8eb9-a2956bca2193,"NVG, LLC",,2018-10-19T15:57:16.957000-04:00,2018
5e78f60f-2536-4e1b-afc1-3110eb03088b,"THE MITCHELL FIRM, INC.",,2018-10-21T23:29:05.300000-04:00,2018
0a478352-8257-4df0-bc27-028e95203fb0,AMERICAN CIVIL LIBERTIES UNION,270000.00,2018-10-22T14:27:31.887000-04:00,2018
3133a361-3d65-4287-9152-c86a4f818b4e,"MASON CONSULTING, LLC",,2018-10-23T15:52:02.777000-04:00,2018
9bc716e8-6dc1-435d-a414-628d68263a5c,NETWORK LOBBY FOR CATHOLIC SOCIAL JUSTICE,,2018-10-24T17:45:14.863000-04:00,2018
9c7fbb71-d5c1-4e42-bc14-1a0df40e6605,ANTI-DEFAMATION LEAGUE,40000.00,2018-11-05T17:46:52.127000-05:00,2018
400ea428-2eac-45ad-8cb1-8dbf3905a460,"LIONEL ""LEO"" AGUIRRE",,2019-01-08T18:26:01.610000-05:00,2018
a16ac2ae-9910-4d19-bd31-5e904a2b6bb8,UNIDOSUS (FKA NATIONAL COUNCIL OF LA RAZA),61424.00,2019-01-17T14:52:39.047000-05:00,2018
5f26e5e7-a258-496e-9642-d78e103c5640,"NVG, LLC",,2019-01-18T10:02:47.707000-05:00,2018
4c448193-359e-4c30-8e42-c7adb87f2b75,LEAGUE OF WOMEN VOTERS OF THE U.S.,38672.18,2019-01-18T16:18:57.157000-05:00,2018
73f63fb6-4da1-40cc-a68b-d99f53e0e0a7,"NVG, LLC",,2019-01-22T11:03:58.257000-05:00,2018
415cc214-272f-484f-945c-36892ba2a20a,AMERICAN CIVIL LIBERTIES UNION,380000.00,2019-01-22T15:21:28.447000-05:00,2018
538fd6df-0cfa-46ae-82c9-d90c4229fae8,"THE MITCHELL FIRM, INC.",,2019-01-22T21:50:36.857000-05:00,2018
59cdf59d-df07-40c3-b1cc-dd8cadecc4b9,"MASON CONSULTING, LLC",,2019-01-23T10:49:47.720000-05:00,2018
2ad56b33-eada-4b5c-bef9-c1d16f75c68a,"NVG, LLC",,2019-01-23T15:08:19.787000-05:00,2018
7c7a5e12-cae8-4ff2-aa96-e3623faca1b7,"CLARISSA J MIDDLETON, LOBBYIST",,2019-02-01T18:30:38.537000-05:00,2019
ed2264dc-3bc3-4a2f-80be-56436f7b504c,NETWORK LOBBY FOR CATHOLIC SOCIAL JUSTICE,,2019-02-03T21:18:40.040000-05:00,2018
554c8192-539e-4061-9ef9-78e4c6bbda8b,ANTI-DEFAMATION LEAGUE,50000.00,2019-02-05T14:03:00.103000-05:00,2018
abbe7869-19dd-478b-850a-fb31b36bc6d0,"CLARISSA J MIDDLETON, LOBBYIST",,2019-02-20T12:10:02.553000-05:00,2019
d7e5ea68-8409-4a15-87c4-efdb85befced,LEAGUE OF WOMEN VOTERS OF THE U.S.,31647.00,2019-04-18T09:06:14.287000-04:00,2019
d65cd5fe-94bc-45d7-b931-44fb075016cc,"NVG, LLC",,2019-04-18T16:57:11.787000-04:00,2019
824ad34e-7217-4be4-b1a2-377f00dfd076,"LIONEL ""LEO"" AGUIRRE",,2019-04-20T23:19:47.567000-04:00,2019
b698b4c9-d230-4423-a441-7b34744fdd64,AMERICAN CIVIL LIBERTIES UNION,310000.00,2019-04-22T17:33:25.240000-04:00,2019
72936ebe-9d9c-4588-bbb1-24f2e4df96b9,"MASON CONSULTING, LLC",,2019-04-22T17:36:44.883000-04:00,2019
ef7611f0-fe84-4c36-a68b-35c1611138fb,NETWORK LOBBY FOR CATHOLIC SOCIAL JUSTICE,,2019-04-24T14:04:37.647000-04:00,2019
bdb322fe-87c4-49c5-b1fb-90adc009efcf,COALITION ON HUMAN NEEDS,,2019-07-02T17:46:18.573000-04:00,2019
84c73493-cfd5-4add-a269-a020b391c211,THE IMMIGRATION HUB LLC,70000.00,2019-07-10T17:52:16.263000-04:00,2019
29ae43b2-6ec0-4085-9381-b7e0d245efa8,NATIONAL ASSOCIATION FOR THE ADVANCEMENT OF COLORED PEOPLE,72500.00,2019-07-17T18:35:20.940000-04:00,2019
0f1c3fb4-e618-45a7-9189-ad33f7d531a7,LEAGUE OF WOMEN VOTERS OF THE U.S.,126272.00,2019-07-18T15:40:27.710000-04:00,2019
72263b5f-496f-4f6b-90ad-7bddb70bdab8,"LIONEL ""LEO"" AGUIRRE",,2019-07-20T20:52:48.367000-04:00,2019
8a808638-f586-48a7-a337-b141ab43ec09,NETWORK LOBBY FOR CATHOLIC SOCIAL JUSTICE,,2019-07-21T21:15:05.207000-04:00,2019
8a808638-f586-48a7-a337-b141ab43ec09,NETWORK LOBBY FOR CATHOLIC SOCIAL JUSTICE,,2019-07-21T21:15:05.207000-04:00,2019
b745e23a-8f27-40da-9c65-4b62be55c285,"NVG, LLC",,2019-07-22T16:28:40.317000-04:00,2019
5f8fb509-2847-4943-9ca2-b5d052c07e2f,AMERICAN CIVIL LIBERTIES UNION,310000.00,2019-07-22T17:55:26.733000-04:00,2019
0104502a-f684-405b-8793-decd8ecd218a,"MASON CONSULTING, LLC",,2019-07-26T11:08:29.703000-04:00,2019
06ac8750-f994-4304-bde5-00f5375a2185,ACT FOR AMERICA,10000.00,2019-07-30T11:05:29.493000-04:00,2019
50be1841-bf6e-444c-ac30-25f9a50178db,UNIDOSUS (FKA NATIONAL COUNCIL OF LA RAZA),80000.00,2019-07-31T17:11:21.637000-04:00,2018
699e9f0f-f0da-40d9-90bb-e43eda64475d,"LIONEL ""LEO"" AGUIRRE",,2019-10-07T01:01:41.043000-04:00,2019
24453e27-d9b2-4d2b-8fb4-7bb5174528c4,THE IMMIGRATION HUB LLC,70000.00,2019-10-10T16:05:13.207000-04:00,2019
580aa41b-ed9e-4950-8e6a-8212c2ad87df,UNIDOSUS (FKA NATIONAL COUNCIL OF LA RAZA),75000.00,2019-10-10T16:05:45.067000-04:00,2018
bc8f72bc-de1b-4edc-ae56-5f6dcab0fd24,COALITION ON HUMAN NEEDS,,2019-10-14T10:33:56.457000-04:00,2019
34a465c7-e273-4fb8-b585-941441ea5656,ACT FOR AMERICA,10000.00,2019-10-17T09:56:26.543000-04:00,2019
089f3da1-5572-4d33-8f36-05c97f662b3f,LEAGUE OF WOMEN VOTERS OF THE U.S.,45444.00,2019-10-18T16:45:31.980000-04:00,2019
ddbc27ad-4820-49e3-a3dc-f539899365bc,"NVG, LLC",,2019-10-21T14:34:20.477000-04:00,2019
fdfd5dc9-4ead-4674-a58f-e9ddfadf3199,REGENXBIO,50000.00,2019-10-21T16:02:43.570000-04:00,2019
12b03162-e929-4e47-8c29-98b2b492df4e,"MASON CONSULTING, LLC",,2019-10-21T16:21:37.477000-04:00,2019
1dd76ae2-f030-428d-98c4-4eea16ffdc8b,AMERICAN CIVIL LIBERTIES UNION,270000.00,2019-10-21T16:55:37.993000-04:00,2019
75d1648e-a2dc-4ea4-8417-64cc96c77803,NETWORK LOBBY FOR CATHOLIC SOCIAL JUSTICE,,2019-10-24T12:12:08.637000-04:00,2019
c81db4b7-c255-477f-8301-e3fb0b58428d,NATIONAL ASSOCIATION FOR THE ADVANCEMENT OF COLORED PEOPLE,72500.00,2019-10-28T15:40:06.023000-04:00,2019
58644c73-0048-418b-8ccc-4d890eeda70c,COALITION ON HUMAN NEEDS,,2020-01-02T11:54:14.463000-05:00,2019
50d4db29-7502-4fcd-b3ec-297884339da4,NATIONAL ADVOCACY CENTER OF THE SISTERS OF THE GOOD SHEPHERD,,2020-01-03T15:48:55.843000-05:00,2019
bf7994ac-207b-4b3e-abf4-745bdd5d519b,NETWORK LOBBY FOR CATHOLIC SOCIAL JUSTICE,,2020-01-06T14:34:58.800000-05:00,2019
fbe247e1-6cba-44dd-9a75-67c5e2f2e0f3,"LIONEL ""LEO"" AGUIRRE",,2020-01-14T19:00:07.727000-05:00,2019
1d1938d4-918d-4500-987c-643a1f9ee9ce,"NVG, LLC",,2020-01-17T10:37:58.607000-05:00,2019
cbd027ef-0d1f-4187-970f-f20ad6c3662d,LEAGUE OF WOMEN VOTERS OF THE U.S.,96904.00,2020-01-17T11:13:52.420000-05:00,2019
cb7d3b57-8985-47de-8309-816145570fd4,PROJECT ON GOVERNMENT OVERSIGHT,10000.00,2020-01-21T14:48:26.947000-05:00,2019
d5655caa-f757-438d-a724-b97751d3c3b9,"MASON CONSULTING, LLC",,2020-01-21T16:13:53.543000-05:00,2019
92a9a93d-ae4d-4c45-b4e8-e889b0a97757,AMERICAN CIVIL LIBERTIES UNION,280000.00,2020-01-21T16:53:15.600000-05:00,2019
cca3b1b4-4f20-4108-bd4d-923aaf89aa53,REGENXBIO,50000.00,2020-01-31T16:34:15.640000-05:00,2019
a12a653e-0935-44ce-8ae1-0d2a2a9abe9a,COALITION ON HUMAN NEEDS,,2020-04-17T12:28:01.827000-04:00,2020
9a176f53-1806-4179-8dd0-a47547efd83d,THE IMMIGRATION HUB LLC,70000.00,2020-04-19T14:41:14.063000-04:00,2020
063b6d3d-8344-4988-ad5a-efe22684bb1a,REGENXBIO,110000.00,2020-04-20T01:59:00.387000-04:00,2020
98a1e0a1-aa5d-4ddd-af94-f95b430314c6,LEAGUE OF WOMEN VOTERS OF THE U.S.,79000.00,2020-04-20T13:27:13.830000-04:00,2020
b0cdb201-b7ca-4bc7-b57c-2d7817d578fc,ALCALDE & FAY,,2020-04-20T14:00:33.257000-04:00,2020
208a1f28-daf4-4047-be2d-d568072502cb,"LIONEL ""LEO"" AGUIRRE",,2020-04-20T15:41:10.890000-04:00,2020
a96d8d42-24fe-4234-a364-fc64c82adfda,"MASON CONSULTING, LLC",,2020-04-21T15:07:07.847000-04:00,2020
c98e20d0-98ad-4751-a3cd-4fbc5a664cba,NETWORK LOBBY FOR CATHOLIC SOCIAL JUSTICE,,2020-05-01T18:14:23.220000-04:00,2020
58661568-23c9-4044-b994-bb6d8b50f5a4,NATIONAL COALITION AGAINST DOMESTIC VIOLENCE,20000.00,2020-07-01T09:56:05.810000-04:00,2020
81703dba-a1e0-47a6-9019-04941109499d,COALITION ON HUMAN NEEDS,,2020-07-10T17:18:45.133000-04:00,2020
cb2438dd-42a7-4d69-a29a-dd3a75252d50,LEAGUE OF WOMEN VOTERS OF THE U.S.,48123.00,2020-07-17T12:04:46.247000-04:00,2020
d4c54ced-87c0-40cc-8aa2-4ba20262ece8,"LIONEL ""LEO"" AGUIRRE",,2020-07-20T14:09:05.870000-04:00,2020
3a1b9a25-a376-44c7-9b45-938bd7492c6c,ALCALDE & FAY,,2020-07-20T16:08:03.443000-04:00,2020
49688fa2-3664-42b6-8fb9-7651a841da62,KIDS IN NEED OF DEFENSE,60000.00,2020-07-20T17:03:07.620000-04:00,2020
52c18dc7-2261-4449-ba14-5f2b7abf5ffd,REGENXBIO,185000.00,2020-07-20T19:21:54.880000-04:00,2020
92ef93ac-1c41-4681-a9ab-d8782e6e6213,UFW FOUNDATION,30000.00,2020-07-21T19:18:36.317000-04:00,2020
d3f5bd73-2936-4bc7-a97e-a7387a9ccce3,"MASON CONSULTING, LLC",,2020-07-22T12:15:01.953000-04:00,2020
e46bb8a7-95c7-490e-8737-84cf68583bd6,NATIONAL ASSOCIATION FOR THE ADVANCEMENT OF COLORED PEOPLE,290000.00,2020-07-23T16:25:28.713000-04:00,2020
e46bb8a7-95c7-490e-8737-84cf68583bd6,NATIONAL ASSOCIATION FOR THE ADVANCEMENT OF COLORED PEOPLE,290000.00,2020-07-23T16:25:28.713000-04:00,2020
8720f95b-0206-4e51-885d-5798482698b6,NETWORK LOBBY FOR CATHOLIC SOCIAL JUSTICE,,2020-08-11T17:16:55.667000-04:00,2020
59b62b20-97ba-418c-bb70-662c22e8c3e9,"NVG, LLC",,2020-09-02T17:49:50.677000-04:00,2018
270169da-debe-4169-b19e-777fda9046f6,LUTHERAN IMMIGRATION AND REFUGEE SERVICE,40000.00,2020-09-16T19:43:54.740000-04:00,2020
cd59fc54-a044-4c39-a544-62d7093f6ac1,WILSON & ROME LLP,,2020-09-18T04:07:20.683000-04:00,2020
9c10025b-78d1-4b54-8030-7f20450764c1,NATIONAL COALITION AGAINST DOMESTIC VIOLENCE,20000.00,2020-10-02T08:40:30.953000-04:00,2020
fbb008c3-a7f3-44b1-a8ed-5a1432b40eda,COALITION ON HUMAN NEEDS,,2020-10-08T11:43:47.370000-04:00,2020
446fdb0b-b0f9-4db7-9da4-5be600d0a1d9,REGENXBIO,60000.00,2020-10-20T00:16:20.213000-04:00,2020
ce5f9e05-7da3-419f-a39c-f48092a1b50a,"LIONEL ""LEO"" AGUIRRE",,2020-10-20T04:27:06.667000-04:00,2020
bc35d34d-f4d9-4531-a992-ee287cf68442,UFW FOUNDATION,10000.00,2020-10-20T14:21:07.660000-04:00,2020
365186d1-0a1c-4156-9f2d-3d6e949b3d31,ALCALDE & FAY,,2020-10-20T18:34:36.713000-04:00,2020
6d9ad6e0-0384-43ae-bb64-458c00ced257,"MASON CONSULTING, LLC",,2020-10-21T10:22:56.337000-04:00,2020
18ac6899-9372-41c4-89a3-25068b0c1856,UFW FOUNDATION,10000.00,2020-10-26T16:53:27.577000-04:00,2020
fc33f8f9-6f6f-4c84-8992-a6842fff9eb5,UNIVERSITY OF NORTHERN IOWA,20000.00,2021-01-12T09:24:59.383000-05:00,2020
fe73c138-b63d-436b-b6c8-80e73d6eb9b1,NATIONAL COALITION AGAINST DOMESTIC VIOLENCE,20000.00,2021-01-13T14:19:38.340000-05:00,2020
dc6b5fdb-ee2d-4534-8c17-e05cc25b68ed,COALITION ON HUMAN NEEDS,,2021-01-14T05:46:28.713000-05:00,2020
03294447-017f-4f89-87e3-b6a46a5f27bc,"LIONEL ""LEO"" AGUIRRE",,2021-01-16T01:51:30.997000-05:00,2020
aeaafa1f-4d6f-4c5a-bd7c-ad5672d2ce3e,ALCALDE & FAY,,2021-01-20T22:32:41.733000-05:00,2020
1d7e4c39-290f-4423-aa83-c04c15b6cab5,ALCALDE & FAY,,2021-01-20T22:44:55.537000-05:00,2020
2bb0ca97-1b55-48ed-a335-726c851c083a,REGENXBIO,60000.00,2021-01-21T00:21:09.210000-05:00,2020
b0a515e9-64f1-4171-a9af-1dd30a2c8fa2,"MASON CONSULTING, LLC",,2021-01-22T20:15:51.877000-05:00,2020
b96b86b8-b304-46b2-bffd-fee1f5267897,NETWORK LOBBY FOR CATHOLIC SOCIAL JUSTICE,,2021-02-03T19:26:22.953000-05:00,2020
a6fc25e4-d7b0-419e-86ad-16d7ce2379d7,NETWORK LOBBY FOR CATHOLIC SOCIAL JUSTICE,,2021-02-03T20:25:27.717000-05:00,2020
26277b1f-977a-4a6c-820c-fe86aa533b5e,WILSON & ROME LLP,,2021-02-16T13:58:46.373000-05:00,2020
abb5fd8c-d867-4bf3-9eb6-e7295405a54e,ACT FOR AMERICA,,2021-03-30T11:26:21.377000-04:00,2021
db616c5c-f74a-44f2-a0ae-bd0efde17fd9,UNIVERSITY OF NORTHERN IOWA,20000.00,2021-04-09T11:33:56.300000-04:00,2021
b90574a4-a1a5-4bc8-8613-47a337a7aeb5,NATIONAL ADVOCACY CENTER OF THE SISTERS OF THE GOOD SHEPHERD,,2021-04-09T18:25:34.527000-04:00,2021
be27d542-c26e-4b31-a139-38d4c90ab845,COALITION ON HUMAN NEEDS,,2021-04-15T13:59:17.157000-04:00,2021
cfee3bc1-fea0-4fde-b974-1f7c30672160,PARALYZED VETERANS OF AMERICA,78997.00,2021-04-20T12:32:10.683000-04:00,2021
3285740c-4ba2-45d1-ad86-16c6738177f2,"LIONEL ""LEO"" AGUIRRE",,2021-04-20T14:22:10.313000-04:00,2021
fe0c62f3-a3b1-4235-a422-5852e8dfdbe3,UNIDOSUS (FKA NATIONAL COUNCIL OF LA RAZA),158744.00,2021-04-20T16:50:16.587000-04:00,2021
9152bbd4-792f-44cb-ae1d-2f730ddbbeed,ALCALDE & FAY,,2021-04-20T23:31:42.127000-04:00,2021
24371cda-0392-42a2-97af-9cd6297dc200,"MASON CONSULTING, LLC",,2021-04-21T09:33:29.197000-04:00,2021
f27dc07f-075a-46f6-aaf0-84b383cad332,NATIONAL ADVOCACY CENTER OF THE SISTERS OF THE GOOD SHEPHERD,,2021-07-02T16:37:12.673000-04:00,2021
178d3e2a-6136-4b7f-816f-683c0389eada,COALITION ON HUMAN NEEDS,,2021-07-06T15:05:10.320000-04:00,2021
54495711-7b59-4686-aa11-8db54eb4c828,UNIVERSITY OF NORTHERN IOWA,20000.00,2021-07-11T10:43:34.017000-04:00,2021
61225941-9662-4961-a00c-367632f4c03e,"LIONEL ""LEO"" AGUIRRE",,2021-07-13T17:06:07.283000-04:00,2021
4f5a74da-cf9b-41ff-8fec-8e348823ea1d,"VOTEVETS ACTION FUND, INC.",50000.00,2021-07-16T15:39:39.147000-04:00,2021
d13162e6-0242-4c80-9d37-1e723474dd87,UNIDOSUS (FKA NATIONAL COUNCIL OF LA RAZA),197663.98,2021-07-19T14:12:53.127000-04:00,2021
eab1bcf0-3755-41ae-aaa1-21d2fc9d2ebe,ALCALDE & FAY,,2021-07-19T18:18:55.180000-04:00,2021
1574c4ec-2ae9-4df1-acc4-13ce5b274723,PARALYZED VETERANS OF AMERICA,80580.00,2021-07-20T11:08:12.870000-04:00,2021
0b0a343d-97c9-4393-a92a-0a886df9f061,"MASON CONSULTING, LLC",,2021-07-23T14:27:04.090000-04:00,2021
926462c7-32a9-4b61-bd92-8a2fc78079fa,OREGON FARM BUREAU FEDERATION,15000.00,2021-08-02T13:34:00.010000-04:00,2021
27004906-4e3a-472f-8b25-bc9c06374b0b,OREGON FARM BUREAU FEDERATION,15000.00,2021-08-02T19:53:10.017000-04:00,2021
fcb0ae37-3420-42cc-a371-0668a97ccf2f,UNIDOSUS (FKA NATIONAL COUNCIL OF LA RAZA),80000.00,2021-08-10T09:58:57.950000-04:00,2018
abf8d512-1d26-4058-bee6-184d4334cb3f,UNIVERSITY OF NORTHERN IOWA,20000.00,2021-10-06T14:56:12.487000-04:00,2021
2670e1a9-6de1-4aee-a786-959ad962e0b2,COALITION ON HUMAN NEEDS,,2021-10-15T12:23:51.070000-04:00,2021
d02bc608-2cab-454c-86b0-da1a27e927f2,ALCALDE & FAY,,2021-10-19T12:03:28.310000-04:00,2021
c75b55b5-c778-4f69-867f-280b3d7c3157,PARALYZED VETERANS OF AMERICA,81112.00,2021-10-19T13:28:12.703000-04:00,2021
bce84286-63d1-43cf-95c4-a4764f6dc399,KIDS IN NEED OF DEFENSE,130000.00,2021-10-19T16:29:48.133000-04:00,2021
b0b0f91e-2ab7-49ad-9b0c-6b5b336a3f7b,"LIONEL ""LEO"" AGUIRRE",,2021-10-19T18:36:25.537000-04:00,2021
20372ea0-9113-4c9c-9470-2302e2e7da78,THE AMERICAN LEGION,,2021-10-20T11:49:04.103000-04:00,2021
d94b2404-96ae-41b4-8e8a-ee4a0687977c,"MASON CONSULTING, LLC",,2021-10-22T14:38:43.357000-04:00,2021
9d168503-d8ca-4592-bc43-eb7147d18194,UNIDOSUS (FKA NATIONAL COUNCIL OF LA RAZA),180000.00,2021-11-03T15:25:31.397000-04:00,2021
57bfe675-0065-489f-b8f8-9e20f95eb7eb,COALITION ON HUMAN NEEDS,,2021-12-24T10:40:46.907000-05:00,2021
eaee907d-7ca9-4267-9d89-3ceddee8e160,OREGON FARM BUREAU FEDERATION,15000.00,2021-12-27T12:53:18.510000-05:00,2021
